{"cameraMode":{"drawMode":0,"name":"Shaded","section":"Shading Mode"},"sceneLighting":false,"audioPlay":false,"sceneViewState":{"m_AlwaysRefresh":false,"showFog":true,"showSkybox":false,"showFlares":true,"showImageEffects":true,"showParticleSystems":true,"showVisualEffectGraphs":true,"m_FxEnabled":true},"in2DMode":false,"pivot":{"x":10.336172103881836,"y":0.27118831872940066,"z":4.1485676765441898},"rotation":{"x":-0.08855702728033066,"y":0.9018547534942627,"z":-0.36004936695098879,"w":-0.22217704355716706},"size":0.5405558943748474,"orthographic":false}