{"cameraMode":{"drawMode":0,"name":"Shaded","section":"Shading Mode"},"sceneLighting":false,"audioPlay":false,"sceneViewState":{"m_AlwaysRefresh":false,"showFog":true,"showSkybox":false,"showFlares":true,"showImageEffects":true,"showParticleSystems":true,"showVisualEffectGraphs":true,"m_FxEnabled":true},"in2DMode":false,"pivot":{"x":-0.12829698622226716,"y":0.2811587154865265,"z":0.047208938747644427},"rotation":{"x":-0.18862926959991456,"y":0.7247103452682495,"z":-0.2184811234474182,"w":-0.6256846785545349},"size":0.9966078400611877,"orthographic":false}