{"cameraMode":{"drawMode":0,"name":"Shaded","section":"Shading Mode"},"sceneLighting":false,"audioPlay":false,"sceneViewState":{"m_AlwaysRefresh":false,"showFog":true,"showSkybox":false,"showFlares":true,"showImageEffects":true,"showParticleSystems":true,"showVisualEffectGraphs":true,"m_FxEnabled":true},"in2DMode":false,"pivot":{"x":10.557034492492676,"y":0.4865032434463501,"z":2.091878652572632},"rotation":{"x":0.025971973314881326,"y":-0.9688618779182434,"z":0.21749848127365113,"w":0.11626461893320084},"size":0.6289369463920593,"orthographic":false}