{"cameraMode":{"drawMode":0,"name":"Shaded","section":"Shading Mode"},"sceneLighting":false,"audioPlay":false,"sceneViewState":{"m_AlwaysRefresh":false,"showFog":true,"showSkybox":false,"showFlares":true,"showImageEffects":true,"showParticleSystems":true,"showVisualEffectGraphs":true,"m_FxEnabled":true},"in2DMode":false,"pivot":{"x":3.9014265537261965,"y":0.18953844904899598,"z":9.986019134521485},"rotation":{"x":-0.4174345135688782,"y":0.5562721490859985,"z":-0.38122791051864626,"w":-0.6090987920761108},"size":0.6931412816047669,"orthographic":false}