{"cameraMode":{"drawMode":0,"name":"Shaded","section":"Shading Mode"},"sceneLighting":false,"audioPlay":false,"sceneViewState":{"m_AlwaysRefresh":false,"showFog":true,"showSkybox":false,"showFlares":true,"showImageEffects":true,"showParticleSystems":true,"showVisualEffectGraphs":true,"m_FxEnabled":true},"in2DMode":false,"pivot":{"x":-0.2531227767467499,"y":1.2745376825332642,"z":0.8575292229652405},"rotation":{"x":-0.007304795552045107,"y":0.9689167737960815,"z":-0.24566297233104707,"w":-0.028782205656170846},"size":1.2368998527526856,"orthographic":false}