{"cameraMode":{"drawMode":0,"name":"Shaded","section":"Shading Mode"},"sceneLighting":false,"audioPlay":false,"sceneViewState":{"m_AlwaysRefresh":false,"showFog":true,"showSkybox":false,"showFlares":true,"showImageEffects":true,"showParticleSystems":true,"showVisualEffectGraphs":true,"m_FxEnabled":true},"in2DMode":false,"pivot":{"x":3.1552541255950929,"y":0.37132206559181216,"z":2.2014260292053224},"rotation":{"x":0.9979607462882996,"y":0.0005943767610006034,"z":-0.06386585533618927,"w":0.00686953030526638},"size":1.5860934257507325,"orthographic":false}