{"cameraMode":{"drawMode":0,"name":"Shaded","section":"Shading Mode"},"sceneLighting":false,"audioPlay":false,"sceneViewState":{"m_AlwaysRefresh":false,"showFog":true,"showSkybox":false,"showFlares":true,"showImageEffects":true,"showParticleSystems":true,"showVisualEffectGraphs":true,"m_FxEnabled":true},"in2DMode":false,"pivot":{"x":0.042737603187561038,"y":0.17690470814704896,"z":-3.725290298461914e-7},"rotation":{"x":-0.2838563621044159,"y":0.6303116083145142,"z":-0.2663477957248688,"w":-0.6717286705970764},"size":1.124746561050415,"orthographic":false}