{"cameraMode":{"drawMode":0,"name":"Shaded","section":"Shading Mode"},"sceneLighting":false,"audioPlay":false,"sceneViewState":{"m_AlwaysRefresh":false,"showFog":true,"showSkybox":false,"showFlares":true,"showImageEffects":true,"showParticleSystems":true,"showVisualEffectGraphs":true,"m_FxEnabled":true},"in2DMode":false,"pivot":{"x":-0.08082476258277893,"y":0.3199959993362427,"z":0.25857359170913699},"rotation":{"x":0.011811153031885624,"y":0.9860474467277527,"z":0.07973533868789673,"w":-0.14600905776023866},"size":0.6613621711730957,"orthographic":false}