{"cameraMode":{"drawMode":0,"name":"Shaded","section":"Shading Mode"},"sceneLighting":false,"audioPlay":false,"sceneViewState":{"m_AlwaysRefresh":false,"showFog":true,"showSkybox":false,"showFlares":true,"showImageEffects":true,"showParticleSystems":true,"showVisualEffectGraphs":true,"m_FxEnabled":true},"in2DMode":false,"pivot":{"x":10.165430068969727,"y":0.2315339893102646,"z":1.6783167123794556},"rotation":{"x":-0.07261572778224945,"y":0.8928186297416687,"z":-0.15588612854480744,"w":-0.4165217876434326},"size":0.5330623984336853,"orthographic":false}