{"cameraMode":{"drawMode":0,"name":"Shaded","section":"Shading Mode"},"sceneLighting":false,"audioPlay":false,"sceneViewState":{"m_AlwaysRefresh":false,"showFog":true,"showSkybox":false,"showFlares":true,"showImageEffects":true,"showParticleSystems":true,"showVisualEffectGraphs":true,"m_FxEnabled":true},"in2DMode":false,"pivot":{"x":10.231026649475098,"y":0.39695310592651369,"z":4.208403587341309},"rotation":{"x":0.005089858081191778,"y":-0.9928146004676819,"z":0.11096435785293579,"w":0.04527328535914421},"size":0.42385777831077578,"orthographic":false}