{"cameraMode":{"drawMode":0,"name":"Shaded","section":"Shading Mode"},"sceneLighting":false,"audioPlay":false,"sceneViewState":{"m_AlwaysRefresh":false,"showFog":true,"showSkybox":false,"showFlares":true,"showImageEffects":true,"showParticleSystems":true,"showVisualEffectGraphs":true,"m_FxEnabled":true},"in2DMode":false,"pivot":{"x":0.0019651055335998537,"y":0.14032335579395295,"z":0.0017699599266052247},"rotation":{"x":-0.18862926959991456,"y":0.7247103452682495,"z":-0.2184811234474182,"w":-0.6256846785545349},"size":0.7822231650352478,"orthographic":false}