{"cameraMode":{"drawMode":0,"name":"Shaded","section":"Shading Mode"},"sceneLighting":false,"audioPlay":false,"sceneViewState":{"m_AlwaysRefresh":false,"showFog":true,"showSkybox":false,"showFlares":true,"showImageEffects":true,"showParticleSystems":true,"showVisualEffectGraphs":true,"m_FxEnabled":true},"in2DMode":false,"pivot":{"x":5.973567008972168,"y":0.4496263265609741,"z":9.793574333190918},"rotation":{"x":0.01416737213730812,"y":0.6999270915985107,"z":-0.013841317966580391,"w":0.7139745950698853},"size":0.5184544324874878,"orthographic":false}