{"cameraMode":{"drawMode":0,"name":"Shaded","section":"Shading Mode"},"sceneLighting":false,"audioPlay":false,"sceneViewState":{"m_AlwaysRefresh":false,"showFog":true,"showSkybox":false,"showFlares":true,"showImageEffects":true,"showParticleSystems":true,"showVisualEffectGraphs":true,"m_FxEnabled":true},"in2DMode":false,"pivot":{"x":8.235584259033204,"y":0.004493158310651779,"z":-8.958565711975098},"rotation":{"x":0.01401768159121275,"y":0.9259078502655029,"z":-0.3760770261287689,"w":0.034738216549158099},"size":0.5069235563278198,"orthographic":false}