{"cameraMode":{"drawMode":0,"name":"Shaded","section":"Shading Mode"},"sceneLighting":false,"audioPlay":false,"sceneViewState":{"m_AlwaysRefresh":false,"showFog":true,"showSkybox":false,"showFlares":true,"showImageEffects":true,"showParticleSystems":true,"showVisualEffectGraphs":true,"m_FxEnabled":true},"in2DMode":false,"pivot":{"x":2.0272929668426515,"y":1.039451241493225,"z":1.752480387687683},"rotation":{"x":-0.34404659271240237,"y":-0.08830927312374115,"z":0.03240589052438736,"w":-0.9343258142471314},"size":0.7075655460357666,"orthographic":false}